{
  "name": "jquery.scrollTo",
  "version": "1.4.8",
  "description": "Easy element scrolling using jQuery.",
  "homepage": "https://github.com/flesler/jquery.scrollTo",
  "main": [
    "./jquery.scrollTo.js",
    "./jquery.scrollTo.min.js"
  ],
  "dependencies": {
    "jquery": ">=1.8"
  },
  "keywords": [
    "browser", "animated", "animation", 
    "scrolling", "scroll", "links", "anchors"
  ],
  "author": {
    "name": "Ariel Flesler",
    "web": "http://flesler.blogspot.com/"
  }
}
